{
  "example" : {
    "Usage": [
      {
        "idUsage": 1,
        "idElectronic": 1,
        "totalUsageHoursPerDay": 12,
        "totalWattagePerDay": 12,
        "numberOfElectronic": 1
      }
    ],
    "TimeUsage":[
      {
        "idUsage" : 1,
        "usageMode" : 1,
        "wattage" : 600,
        "hours" : 3,
        "minutes" : 0

      }
    ]
  },
  "UsageMode":[
    {
      "idUsageMode": 1,
      "usageModeName": "Normal"
    },
    {
      "idUsageMode": 2,
      "usageModeName": "Standby"
    }
  ],
  "Electronic": [
    {
      "electronicName": "AC 0.5 PK",
      "TimeUsageTemplate": [
        {"idUsageMode" : 1, "wattage" : 440, "hours" : 4, "minutes" : 0  },
        {"idUsageMode" : 2, "wattage" : 10, "hours" : 4, "minutes" : 0  }
      ]
    }, 
    {
      "electronicName": "AC 1 PK",
      "TimeUsageTemplate": [
        {"idUsageMode": 1,  "wattage" :  840, "hours" : 4, "minutes" : 0 },
        {"idUsageMode" : 2, "wattage" : 10, "hours" : 4, "minutes" : 0  }
      ]
    }, 
    {
      "electronicName": "AC 1.5 PK",
      "TimeUsageTemplate": [
        {"idUsageMode": 1,  "wattage" :  1170, "hours" : 4, "minutes" : 0 },
        {"idUsageMode" : 2, "wattage" : 10, "hours" : 4, "minutes" : 0  }
      ]
    }, 
    {
      "electronicName": "AC 2 PK",
      "TimeUsageTemplate": [
        {"idUsageMode": 1,  "wattage" :  1920, "hours" : 4, "minutes" : 0 },
        {"idUsageMode" : 2, "wattage" : 10, "hours" : 4, "minutes" : 0  }
      ]
    }, 
    {
      "electronicName": "AC 2.5 PK",
      "TimeUsageTemplate": [
        {"idUsageMode": 1,  "wattage" :  2570, "hours" : 4, "minutes" : 0 },
        {"idUsageMode" : 2, "wattage" : 10, "hours" : 4, "minutes" : 0  }
      ]
    }, 
    {
      "electronicName": "Aquarium (Big)",
      "TimeUsageTemplate": [
        {"idUsageMode": 1,  "wattage" :  250, "hours" : 1, "minutes" : 0 },
        {"idUsageMode": 2,  "wattage" :  10, "hours" : 23, "minutes" : 50 }
      ]
    }, 
    {
      "electronicName": "Aquarium (Small)",
      "TimeUsageTemplate": [
        {"idUsageMode": 1,  "wattage" :  100, "hours" : 0, "minutes" : 10 },
        {"idUsageMode": 2,  "wattage" :  10, "hours" : 23, "minutes" : 50 }
      ]
    }, 
    {
      "electronicName": "Audio/ Stereo Set.",
      "TimeUsageTemplate": [
        {"idUsageMode": 1,  "wattage" :  50, "hours" : 1, "minutes" : 0 }
      ]
    }, 
    {
      "electronicName": "Blender",
      "TimeUsageTemplate": [
        {"idUsageMode": 1,  "wattage" :  130, "hours" : 1, "minutes" : 10 }
      ]
    }, 
    {
      "electronicName": "Phone Charger",
      "TimeUsageTemplate": [
        {"idUsageMode": 1,  "wattage" :  5, "hours" : 1, "minutes" : 0 }
      ]
    },
    {
      "electronicName": "DVD Player",
      "TimeUsageTemplate": [
        {"idUsageMode": 1,  "wattage" :  25, "hours" : 1, "minutes" : 0 }
      ]
    }, 
    {
      "electronicName": "Hair dryer",
      "TimeUsageTemplate": [
        {"idUsageMode": 1,  "wattage" :  1200, "hours" : 0, "minutes" : 10 }
      ]
    },
    {
      "electronicName": "Internet Router",
      "TimeUsageTemplate": [
        {"idUsageMode": 1,  "wattage" :  10, "hours" : 24, "minutes" : 0 }
      ]
    },
    {
      "electronicName": "Electric Fan",
      "TimeUsageTemplate": [
        {"idUsageMode": 1,  "wattage" :  100, "hours" : 8, "minutes" : 0 }
      ]
    }, 
    {
      "electronicName": "Electric Stove",
      "TimeUsageTemplate": [
        {"idUsageMode": 1,  "wattage" :  380, "hours" : 1, "minutes" : 0 }
      ]
    }, 
    {
      "electronicName": "Computer",
      "TimeUsageTemplate": [
        {"idUsageMode": 1,  "wattage" :  250, "hours" : 4, "minutes" : 0 },
        {"idUsageMode": 2,  "wattage" :  10, "hours" : 4, "minutes" : 0 }
      ]
    },
    {
      "electronicName": "Refrigerator",
      "TimeUsageTemplate": [
        {"idUsageMode": 1,  "wattage" :  300, "hours" : 4, "minutes" : 0 },
	    {"idUsageMode": 1,  "wattage" :  20, "hours" : 20, "minutes" : 0 }
      ]
    }, 
    {
      "electronicName": "Lamp 100 Watt",
      "TimeUsageTemplate": [
        {"idUsageMode": 1,  "wattage" :  100, "hours" : 12, "minutes" : 0 }
      ]
    }, 
    {
      "electronicName": "Lamp 11 Watt",
      "TimeUsageTemplate": [
        {"idUsageMode": 1,  "wattage" :  11, "hours" : 12, "minutes" : 0 }
      ]
    }, 
    {
      "electronicName": "Lamp 18 Watt",
      "TimeUsageTemplate": [
        {"idUsageMode": 1,  "wattage" :  18, "hours" : 12, "minutes" : 0 }
      ]
    }, 
    {
      "electronicName": "Lamp 20 Watt",
      "TimeUsageTemplate": [
        {"idUsageMode": 1,  "wattage" :  20, "hours" : 12, "minutes" : 0 }
      ]
    }, 
    {
      "electronicName": "Lamp 3 Watt",
      "TimeUsageTemplate": [
        {"idUsageMode": 1,  "wattage" :  3, "hours" : 12, "minutes" : 0 }
      ]
    }, 
    {
      "electronicName": "Lamp 35 Watt",
      "TimeUsageTemplate": [
        {"idUsageMode": 1,  "wattage" :  35, "hours" : 12, "minutes" : 0 }
      ]
    }, 
    {
      "electronicName": "Lamp 5 Watt",
      "TimeUsageTemplate": [
        {"idUsageMode": 1,  "wattage" :  5, "hours" : 12, "minutes" : 0 }
      ]
    }, 
    {
      "electronicName": "Lamp 65 Watt",
      "TimeUsageTemplate": [
        {"idUsageMode": 1,  "wattage" :  65, "hours" : 12, "minutes" : 0 }
      ]
    }, 
    {
      "electronicName": "Lamp 75 Watt",
      "TimeUsageTemplate": [
        {"idUsageMode": 1,  "wattage" :  75, "hours" : 12, "minutes" : 0 }
      ]
    }, 
    {
      "electronicName": "Lamp 12 Watt",
      "TimeUsageTemplate": [
        {"idUsageMode": 1,  "wattage" :  12, "hours" : 12, "minutes" : 0 }
      ]
    }, 
    {
      "electronicName": "Lamp 15 Watt",
      "TimeUsageTemplate": [
        {"idUsageMode": 1,  "wattage" :  15, "hours" : 12, "minutes" : 0 }
      ]
    }, 
    {
      "electronicName": "Lamp 23 Watt",
      "TimeUsageTemplate": [
        {"idUsageMode": 1,  "wattage" :  23, "hours" : 12, "minutes" : 0 }
      ]
    }, 
    {
      "electronicName": "Lamp 25 Watt",
      "TimeUsageTemplate": [
        {"idUsageMode": 1,  "wattage" :  25, "hours" : 12, "minutes" : 0 }
      ]
    }, 
    {
      "electronicName": "Lamp 8 Watt",
      "TimeUsageTemplate": [
        {"idUsageMode": 1,  "wattage" :  8, "hours" : 12, "minutes" : 0 }
      ]
    }, 
    {
      "electronicName": "Laptop",
      "TimeUsageTemplate": [
        {"idUsageMode": 1,  "wattage" :  75, "hours" : 12, "minutes" : 0 }
      ]
    }, 
    {
      "electronicName": "Rice Cooker",
      "TimeUsageTemplate": [
        {"idUsageMode": 1,  "wattage" :  400, "hours" : 1, "minutes" : 0 },
	    {"idUsageMode": 2,  "wattage" :  10, "hours" : 8, "minutes" : 0 }
      ]
    }, 
    {
      "electronicName": "Washing Machine",
      "TimeUsageTemplate": [
        {"idUsageMode": 1,  "wattage" :  500, "hours" : 1, "minutes" : 0 }
      ]
    }, 
    {
      "electronicName": "Espresso Machine",
      "TimeUsageTemplate": [
        {"idUsageMode": 1,  "wattage" :  600, "hours" : 0.3, "minutes" : 0 },
	    {"idUsageMode": 2,  "wattage" :  5, "hours" : 0.1, "minutes" : 0 }
      ]
    }, 
    {
      "electronicName": "Microwave",
      "TimeUsageTemplate": [
        {"idUsageMode": 1,  "wattage" :  1270, "hours" : 0, "minutes" : 10 },
	    {"idUsageMode": 2,  "wattage" :  5, "hours" : 0, "minutes" : 10 }
      ]
    }, 
    {
      "electronicName": "Water Heater",
      "TimeUsageTemplate": [
        {"idUsageMode": 1,  "wattage" :  400, "hours" : 1, "minutes" : 0 },
	    {"idUsageMode": 2,  "wattage" :  5, "hours" : 1, "minutes" : 0 }
      ]
    }, 
    {
      "electronicName": "Water Pump",
      "TimeUsageTemplate": [
        {"idUsageMode": 1,  "wattage" :  400, "hours" : 1, "minutes" : 0 },
	    {"idUsageMode": 2,  "wattage" :  5, "hours" : 23, "minutes" : 0 }
      ]
    }, 
    {
      "electronicName": "Radio ",
      "TimeUsageTemplate": [
        {"idUsageMode": 1,  "wattage" :  10, "hours" : 1, "minutes" : 0 }
      ]
    }, 
    {
      "electronicName": "TV Decoder",
      "TimeUsageTemplate": [
        {"idUsageMode": 1,  "wattage" :  50, "hours" : 6, "minutes" : 0 },
	    {"idUsageMode": 2,  "wattage" :  5, "hours" : 18, "minutes" : 0 }
      ]
    },
    {
      "electronicName": "Clothes iron",
      "TimeUsageTemplate": [
        {"idUsageMode": 1,  "wattage" :  1000, "hours" : 0.3, "minutes" : 0 }
      ]
    },
    {
      "electronicName": "TV 14 inch",
      "TimeUsageTemplate": [
        {"idUsageMode": 1,  "wattage" :  65, "hours" : 1, "minutes" : 0 },
	    {"idUsageMode": 2,  "wattage" :  5, "hours" : 1, "minutes" : 0 }
      ]
    },
    {
      "electronicName": "TV 19 inch",
      "TimeUsageTemplate": [
        {"idUsageMode": 1,  "wattage" :  95, "hours" : 6, "minutes" : 0 },
	    {"idUsageMode": 2,  "wattage" :  5, "hours" : 18, "minutes" : 0 }
      ]
    },
    {
      "electronicName": "TV 21 inch",
      "TimeUsageTemplate": [
        {"idUsageMode": 1,  "wattage" :  100, "hours" : 6, "minutes" : 0 },
	    {"idUsageMode": 2,  "wattage" :  5, "hours" : 18, "minutes" : 0 }
      ]
    },
    {
      "electronicName": "TV 29 inch",
      "TimeUsageTemplate": [
        {"idUsageMode": 1,  "wattage" :  120, "hours" : 1, "minutes" : 0 },
	{"idUsageMode": 2,  "wattage" :  5, "hours" : 1, "minutes" : 0 }
      ]
    },
    {
      "electronicName": "TV 32 inch",
      "TimeUsageTemplate": [
        {"idUsageMode": 1,  "wattage" :  150, "hours" : 6, "minutes" : 0 },
	    {"idUsageMode": 2,  "wattage" :  5, "hours" : 18, "minutes" : 0 }
      ]
    },
    {
      "electronicName": "TV 42 inch",
      "TimeUsageTemplate": [
        {"idUsageMode": 1,  "wattage" :  180, "hours" : 6, "minutes" : 0 },
	{"idUsageMode": 2,  "wattage" :  5, "hours" : 18, "minutes" : 0 }
      ]
    },
    {
      "electronicName": "TV 48 inch",
      "TimeUsageTemplate": [
        {"idUsageMode": 1,  "wattage" :  220, "hours" : 6, "minutes" : 0 },
	{"idUsageMode": 2,  "wattage" :  5, "hours" : 18, "minutes" : 0 }
      ]
    },
    {
      "electronicName": "Vacuum cleaner",
      "TimeUsageTemplate": [
        {"idUsageMode": 1,  "wattage" :  1400, "hours" : 1, "minutes" : 0 }
      ]
    },
    {
      "electronicName": "Water Dispenser",
      "TimeUsageTemplate": [
        {"idUsageMode": 1,  "wattage" :  500, "hours" : 1, "minutes" : 0 },
	    {"idUsageMode": 1,  "wattage" :  10, "hours" : 1, "minutes" : 0 }
      ]
    }
  ]
}
